<annotation>
  <folder>tabulators-2</folder>
  <filename>IMG_1233</filename>
  <path>C:\Users\samkelo\Documents\usb temp\tabulators-2\tabulators-2\IMG_1233.JPG</path>
  <source>
    <database>Unknown</database>
  </source>
  <size>
    <width>640</width>
    <height>480</height>
    <depth>3</depth>
  </size>
  <segmented>0</segmented>
  <object>
    <name>good slot</name>
    <pose>Unspecified</pose>
    <truncated>0</truncated>
    <difficult>0</difficult>
    <bndbox>
      <xmin>568</xmin>
      <ymin>145</ymin>
      <xmax>594</xmax>
      <ymax>328</ymax>
    </bndbox>
  </object>
  <object>
    <name>good slot</name>
    <pose>Unspecified</pose>
    <truncated>0</truncated>
    <difficult>0</difficult>
    <bndbox>
      <xmin>543</xmin>
      <ymin>147</ymin>
      <xmax>566</xmax>
      <ymax>324</ymax>
    </bndbox>
  </object>
  <object>
    <name>defective slow</name>
    <pose>Unspecified</pose>
    <truncated>0</truncated>
    <difficult>0</difficult>
    <bndbox>
      <xmin>519</xmin>
      <ymin>147</ymin>
      <xmax>544</xmax>
      <ymax>322</ymax>
    </bndbox>
  </object>
  <object>
    <name>good slot</name>
    <pose>Unspecified</pose>
    <truncated>0</truncated>
    <difficult>0</difficult>
    <bndbox>
      <xmin>497</xmin>
      <ymin>139</ymin>
      <xmax>521</xmax>
      <ymax>321</ymax>
    </bndbox>
  </object>
  <object>
    <name>good slot</name>
    <pose>Unspecified</pose>
    <truncated>0</truncated>
    <difficult>0</difficult>
    <bndbox>
      <xmin>450</xmin>
      <ymin>135</ymin>
      <xmax>474</xmax>
      <ymax>321</ymax>
    </bndbox>
  </object>
  <object>
    <name>good slot</name>
    <pose>Unspecified</pose>
    <truncated>0</truncated>
    <difficult>0</difficult>
    <bndbox>
      <xmin>426</xmin>
      <ymin>135</ymin>
      <xmax>453</xmax>
      <ymax>317</ymax>
    </bndbox>
  </object>
  <object>
    <name>good slot</name>
    <pose>Unspecified</pose>
    <truncated>0</truncated>
    <difficult>0</difficult>
    <bndbox>
      <xmin>404</xmin>
      <ymin>134</ymin>
      <xmax>427</xmax>
      <ymax>319</ymax>
    </bndbox>
  </object>
  <object>
    <name>Copy of good slot</name>
    <pose>Unspecified</pose>
    <truncated>0</truncated>
    <difficult>0</difficult>
    <bndbox>
      <xmin>381</xmin>
      <ymin>140</ymin>
      <xmax>404</xmax>
      <ymax>319</ymax>
    </bndbox>
  </object>
  <object>
    <name>defective slot</name>
    <pose>Unspecified</pose>
    <truncated>0</truncated>
    <difficult>0</difficult>
    <bndbox>
      <xmin>358</xmin>
      <ymin>135</ymin>
      <xmax>379</xmax>
      <ymax>316</ymax>
    </bndbox>
  </object>
  <object>
    <name>Copy of Copy of Copy of good slot</name>
    <pose>Unspecified</pose>
    <truncated>0</truncated>
    <difficult>0</difficult>
    <bndbox>
      <xmin>335</xmin>
      <ymin>137</ymin>
      <xmax>355</xmax>
      <ymax>318</ymax>
    </bndbox>
  </object>
  <object>
    <name>Copy of Copy of Copy of Copy of good slot</name>
    <pose>Unspecified</pose>
    <truncated>0</truncated>
    <difficult>0</difficult>
    <bndbox>
      <xmin>313</xmin>
      <ymin>136</ymin>
      <xmax>333</xmax>
      <ymax>317</ymax>
    </bndbox>
  </object>
  <object>
    <name>Copy of Copy of Copy of Copy of Copy of good slot</name>
    <pose>Unspecified</pose>
    <truncated>0</truncated>
    <difficult>0</difficult>
    <bndbox>
      <xmin>289</xmin>
      <ymin>141</ymin>
      <xmax>313</xmax>
      <ymax>320</ymax>
    </bndbox>
  </object>
  <object>
    <name>Copy of Copy of Copy of Copy of Copy of Copy of good slot</name>
    <pose>Unspecified</pose>
    <truncated>0</truncated>
    <difficult>0</difficult>
    <bndbox>
      <xmin>266</xmin>
      <ymin>142</ymin>
      <xmax>289</xmax>
      <ymax>320</ymax>
    </bndbox>
  </object>
  <object>
    <name>Copy of Copy of Copy of Copy of Copy of Copy of Copy of good slot</name>
    <pose>Unspecified</pose>
    <truncated>0</truncated>
    <difficult>0</difficult>
    <bndbox>
      <xmin>242</xmin>
      <ymin>140</ymin>
      <xmax>263</xmax>
      <ymax>321</ymax>
    </bndbox>
  </object>
  <object>
    <name>Copy of Copy of Copy of Copy of Copy of Copy of Copy of Copy of good slot</name>
    <pose>Unspecified</pose>
    <truncated>0</truncated>
    <difficult>0</difficult>
    <bndbox>
      <xmin>221</xmin>
      <ymin>138</ymin>
      <xmax>241</xmax>
      <ymax>319</ymax>
    </bndbox>
  </object>
  <object>
    <name>Copy of Copy of Copy of Copy of Copy of Copy of Copy of Copy of Copy of good slot</name>
    <pose>Unspecified</pose>
    <truncated>0</truncated>
    <difficult>0</difficult>
    <bndbox>
      <xmin>199</xmin>
      <ymin>138</ymin>
      <xmax>219</xmax>
      <ymax>319</ymax>
    </bndbox>
  </object>
  <object>
    <name>Copy of Copy of Copy of Copy of Copy of Copy of Copy of Copy of Copy of Copy of good slot</name>
    <pose>Unspecified</pose>
    <truncated>0</truncated>
    <difficult>0</difficult>
    <bndbox>
      <xmin>176</xmin>
      <ymin>138</ymin>
      <xmax>196</xmax>
      <ymax>318</ymax>
    </bndbox>
  </object>
  <object>
    <name>Copy of Copy of Copy of Copy of Copy of Copy of Copy of Copy of Copy of Copy of Copy of good slot</name>
    <pose>Unspecified</pose>
    <truncated>0</truncated>
    <difficult>0</difficult>
    <bndbox>
      <xmin>152</xmin>
      <ymin>138</ymin>
      <xmax>172</xmax>
      <ymax>319</ymax>
    </bndbox>
  </object>
  <object>
    <name>Copy of Copy of Copy of Copy of Copy of Copy of Copy of Copy of Copy of Copy of Copy of Copy of good slot</name>
    <pose>Unspecified</pose>
    <truncated>0</truncated>
    <difficult>0</difficult>
    <bndbox>
      <xmin>128</xmin>
      <ymin>134</ymin>
      <xmax>149</xmax>
      <ymax>315</ymax>
    </bndbox>
  </object>
  <object>
    <name>defective slot</name>
    <pose>Unspecified</pose>
    <truncated>0</truncated>
    <difficult>0</difficult>
    <bndbox>
      <xmin>107</xmin>
      <ymin>134</ymin>
      <xmax>127</xmax>
      <ymax>315</ymax>
    </bndbox>
  </object>
  <object>
    <name>defective slot</name>
    <pose>Unspecified</pose>
    <truncated>0</truncated>
    <difficult>0</difficult>
    <bndbox>
      <xmin>473</xmin>
      <ymin>139</ymin>
      <xmax>495</xmax>
      <ymax>320</ymax>
    </bndbox>
  </object>
</annotation>
