<annotation>
  <folder>tabulators-2</folder>
  <filename>IMG_1238</filename>
  <path>C:\Users\samkelo\Documents\usb temp\tabulators-2\tabulators-2\IMG_1238.JPG</path>
  <source>
    <database>Unknown</database>
  </source>
  <size>
    <width>640</width>
    <height>480</height>
    <depth>3</depth>
  </size>
  <segmented>0</segmented>
  <object>
    <name>good slot</name>
    <pose>Unspecified</pose>
    <truncated>0</truncated>
    <difficult>0</difficult>
    <bndbox>
      <xmin>543</xmin>
      <ymin>140</ymin>
      <xmax>562</xmax>
      <ymax>315</ymax>
    </bndbox>
  </object>
  <object>
    <name>defective slot</name>
    <pose>Unspecified</pose>
    <truncated>0</truncated>
    <difficult>0</difficult>
    <bndbox>
      <xmin>517</xmin>
      <ymin>140</ymin>
      <xmax>539</xmax>
      <ymax>317</ymax>
    </bndbox>
  </object>
  <object>
    <name>defective slot</name>
    <pose>Unspecified</pose>
    <truncated>0</truncated>
    <difficult>0</difficult>
    <bndbox>
      <xmin>494</xmin>
      <ymin>144</ymin>
      <xmax>513</xmax>
      <ymax>320</ymax>
    </bndbox>
  </object>
  <object>
    <name>good slot</name>
    <pose>Unspecified</pose>
    <truncated>0</truncated>
    <difficult>0</difficult>
    <bndbox>
      <xmin>471</xmin>
      <ymin>172</ymin>
      <xmax>488</xmax>
      <ymax>342</ymax>
    </bndbox>
  </object>
  <object>
    <name>defective slot</name>
    <pose>Unspecified</pose>
    <truncated>0</truncated>
    <difficult>0</difficult>
    <bndbox>
      <xmin>447</xmin>
      <ymin>166</ymin>
      <xmax>465</xmax>
      <ymax>349</ymax>
    </bndbox>
  </object>
  <object>
    <name>good slot</name>
    <pose>Unspecified</pose>
    <truncated>0</truncated>
    <difficult>0</difficult>
    <bndbox>
      <xmin>425</xmin>
      <ymin>168</ymin>
      <xmax>442</xmax>
      <ymax>344</ymax>
    </bndbox>
  </object>
  <object>
    <name>defective slot</name>
    <pose>Unspecified</pose>
    <truncated>0</truncated>
    <difficult>0</difficult>
    <bndbox>
      <xmin>400</xmin>
      <ymin>169</ymin>
      <xmax>419</xmax>
      <ymax>340</ymax>
    </bndbox>
  </object>
  <object>
    <name>good slot</name>
    <pose>Unspecified</pose>
    <truncated>0</truncated>
    <difficult>0</difficult>
    <bndbox>
      <xmin>374</xmin>
      <ymin>165</ymin>
      <xmax>400</xmax>
      <ymax>337</ymax>
    </bndbox>
  </object>
  <object>
    <name>good slot</name>
    <pose>Unspecified</pose>
    <truncated>0</truncated>
    <difficult>0</difficult>
    <bndbox>
      <xmin>353</xmin>
      <ymin>163</ymin>
      <xmax>373</xmax>
      <ymax>334</ymax>
    </bndbox>
  </object>
  <object>
    <name>defective slot</name>
    <pose>Unspecified</pose>
    <truncated>0</truncated>
    <difficult>0</difficult>
    <bndbox>
      <xmin>331</xmin>
      <ymin>128</ymin>
      <xmax>355</xmax>
      <ymax>301</ymax>
    </bndbox>
  </object>
  <object>
    <name>good slot</name>
    <pose>Unspecified</pose>
    <truncated>0</truncated>
    <difficult>0</difficult>
    <bndbox>
      <xmin>309</xmin>
      <ymin>131</ymin>
      <xmax>332</xmax>
      <ymax>301</ymax>
    </bndbox>
  </object>
  <object>
    <name>defective slot</name>
    <pose>Unspecified</pose>
    <truncated>0</truncated>
    <difficult>0</difficult>
    <bndbox>
      <xmin>282</xmin>
      <ymin>129</ymin>
      <xmax>310</xmax>
      <ymax>300</ymax>
    </bndbox>
  </object>
  <object>
    <name>good slot</name>
    <pose>Unspecified</pose>
    <truncated>0</truncated>
    <difficult>0</difficult>
    <bndbox>
      <xmin>261</xmin>
      <ymin>135</ymin>
      <xmax>288</xmax>
      <ymax>311</ymax>
    </bndbox>
  </object>
  <object>
    <name>good slot</name>
    <pose>Unspecified</pose>
    <truncated>0</truncated>
    <difficult>0</difficult>
    <bndbox>
      <xmin>237</xmin>
      <ymin>140</ymin>
      <xmax>263</xmax>
      <ymax>309</ymax>
    </bndbox>
  </object>
  <object>
    <name>good slot</name>
    <pose>Unspecified</pose>
    <truncated>0</truncated>
    <difficult>0</difficult>
    <bndbox>
      <xmin>214</xmin>
      <ymin>143</ymin>
      <xmax>241</xmax>
      <ymax>308</ymax>
    </bndbox>
  </object>
  <object>
    <name>good slot</name>
    <pose>Unspecified</pose>
    <truncated>0</truncated>
    <difficult>0</difficult>
    <bndbox>
      <xmin>194</xmin>
      <ymin>136</ymin>
      <xmax>219</xmax>
      <ymax>304</ymax>
    </bndbox>
  </object>
  <object>
    <name>good slot</name>
    <pose>Unspecified</pose>
    <truncated>0</truncated>
    <difficult>0</difficult>
    <bndbox>
      <xmin>174</xmin>
      <ymin>143</ymin>
      <xmax>198</xmax>
      <ymax>315</ymax>
    </bndbox>
  </object>
  <object>
    <name>good slot</name>
    <pose>Unspecified</pose>
    <truncated>0</truncated>
    <difficult>0</difficult>
    <bndbox>
      <xmin>150</xmin>
      <ymin>165</ymin>
      <xmax>174</xmax>
      <ymax>340</ymax>
    </bndbox>
  </object>
  <object>
    <name>good slot</name>
    <pose>Unspecified</pose>
    <truncated>0</truncated>
    <difficult>0</difficult>
    <bndbox>
      <xmin>126</xmin>
      <ymin>165</ymin>
      <xmax>151</xmax>
      <ymax>343</ymax>
    </bndbox>
  </object>
  <object>
    <name>good slot</name>
    <pose>Unspecified</pose>
    <truncated>0</truncated>
    <difficult>0</difficult>
    <bndbox>
      <xmin>106</xmin>
      <ymin>163</ymin>
      <xmax>131</xmax>
      <ymax>340</ymax>
    </bndbox>
  </object>
  <object>
    <name>defective slot</name>
    <pose>Unspecified</pose>
    <truncated>0</truncated>
    <difficult>0</difficult>
    <bndbox>
      <xmin>86</xmin>
      <ymin>167</ymin>
      <xmax>103</xmax>
      <ymax>340</ymax>
    </bndbox>
  </object>
</annotation>
