<annotation>
  <folder>tabulators-2</folder>
  <filename>IMG_1239</filename>
  <path>C:\Users\samkelo\Documents\usb temp\tabulators-2\tabulators-2\IMG_1239.JPG</path>
  <source>
    <database>Unknown</database>
  </source>
  <size>
    <width>640</width>
    <height>480</height>
    <depth>3</depth>
  </size>
  <segmented>0</segmented>
  <object>
    <name>good slot</name>
    <pose>Unspecified</pose>
    <truncated>0</truncated>
    <difficult>0</difficult>
    <bndbox>
      <xmin>553</xmin>
      <ymin>139</ymin>
      <xmax>576</xmax>
      <ymax>318</ymax>
    </bndbox>
  </object>
  <object>
    <name>good slot</name>
    <pose>Unspecified</pose>
    <truncated>0</truncated>
    <difficult>0</difficult>
    <bndbox>
      <xmin>527</xmin>
      <ymin>138</ymin>
      <xmax>551</xmax>
      <ymax>322</ymax>
    </bndbox>
  </object>
  <object>
    <name>good slot</name>
    <pose>Unspecified</pose>
    <truncated>0</truncated>
    <difficult>0</difficult>
    <bndbox>
      <xmin>504</xmin>
      <ymin>144</ymin>
      <xmax>528</xmax>
      <ymax>326</ymax>
    </bndbox>
  </object>
  <object>
    <name>good slot</name>
    <pose>Unspecified</pose>
    <truncated>0</truncated>
    <difficult>0</difficult>
    <bndbox>
      <xmin>476</xmin>
      <ymin>166</ymin>
      <xmax>501</xmax>
      <ymax>355</ymax>
    </bndbox>
  </object>
  <object>
    <name>defective slot</name>
    <pose>Unspecified</pose>
    <truncated>0</truncated>
    <difficult>0</difficult>
    <bndbox>
      <xmin>452</xmin>
      <ymin>165</ymin>
      <xmax>476</xmax>
      <ymax>345</ymax>
    </bndbox>
  </object>
  <object>
    <name>good slot</name>
    <pose>Unspecified</pose>
    <truncated>0</truncated>
    <difficult>0</difficult>
    <bndbox>
      <xmin>428</xmin>
      <ymin>164</ymin>
      <xmax>452</xmax>
      <ymax>345</ymax>
    </bndbox>
  </object>
  <object>
    <name>defective slot</name>
    <pose>Unspecified</pose>
    <truncated>0</truncated>
    <difficult>0</difficult>
    <bndbox>
      <xmin>403</xmin>
      <ymin>160</ymin>
      <xmax>430</xmax>
      <ymax>346</ymax>
    </bndbox>
  </object>
  <object>
    <name>good slot</name>
    <pose>Unspecified</pose>
    <truncated>0</truncated>
    <difficult>0</difficult>
    <bndbox>
      <xmin>379</xmin>
      <ymin>182</ymin>
      <xmax>401</xmax>
      <ymax>366</ymax>
    </bndbox>
  </object>
  <object>
    <name>defective slot</name>
    <pose>Unspecified</pose>
    <truncated>0</truncated>
    <difficult>0</difficult>
    <bndbox>
      <xmin>355</xmin>
      <ymin>197</ymin>
      <xmax>381</xmax>
      <ymax>386</ymax>
    </bndbox>
  </object>
  <object>
    <name>good slot</name>
    <pose>Unspecified</pose>
    <truncated>0</truncated>
    <difficult>0</difficult>
    <bndbox>
      <xmin>328</xmin>
      <ymin>194</ymin>
      <xmax>352</xmax>
      <ymax>385</ymax>
    </bndbox>
  </object>
  <object>
    <name>good slot</name>
    <pose>Unspecified</pose>
    <truncated>0</truncated>
    <difficult>0</difficult>
    <bndbox>
      <xmin>304</xmin>
      <ymin>197</ymin>
      <xmax>329</xmax>
      <ymax>381</ymax>
    </bndbox>
  </object>
  <object>
    <name>defective slot</name>
    <pose>Unspecified</pose>
    <truncated>0</truncated>
    <difficult>0</difficult>
    <bndbox>
      <xmin>282</xmin>
      <ymin>196</ymin>
      <xmax>314</xmax>
      <ymax>379</ymax>
    </bndbox>
  </object>
  <object>
    <name>good slot</name>
    <pose>Unspecified</pose>
    <truncated>0</truncated>
    <difficult>0</difficult>
    <bndbox>
      <xmin>259</xmin>
      <ymin>157</ymin>
      <xmax>290</xmax>
      <ymax>335</ymax>
    </bndbox>
  </object>
  <object>
    <name>good slot</name>
    <pose>Unspecified</pose>
    <truncated>0</truncated>
    <difficult>0</difficult>
    <bndbox>
      <xmin>238</xmin>
      <ymin>161</ymin>
      <xmax>267</xmax>
      <ymax>342</ymax>
    </bndbox>
  </object>
  <object>
    <name>good slot</name>
    <pose>Unspecified</pose>
    <truncated>0</truncated>
    <difficult>0</difficult>
    <bndbox>
      <xmin>213</xmin>
      <ymin>161</ymin>
      <xmax>238</xmax>
      <ymax>334</ymax>
    </bndbox>
  </object>
  <object>
    <name>defective slot</name>
    <pose>Unspecified</pose>
    <truncated>0</truncated>
    <difficult>0</difficult>
    <bndbox>
      <xmin>191</xmin>
      <ymin>156</ymin>
      <xmax>218</xmax>
      <ymax>331</ymax>
    </bndbox>
  </object>
  <object>
    <name>defective slot</name>
    <pose>Unspecified</pose>
    <truncated>0</truncated>
    <difficult>0</difficult>
    <bndbox>
      <xmin>170</xmin>
      <ymin>159</ymin>
      <xmax>189</xmax>
      <ymax>340</ymax>
    </bndbox>
  </object>
  <object>
    <name>good slot</name>
    <pose>Unspecified</pose>
    <truncated>0</truncated>
    <difficult>0</difficult>
    <bndbox>
      <xmin>140</xmin>
      <ymin>182</ymin>
      <xmax>167</xmax>
      <ymax>360</ymax>
    </bndbox>
  </object>
  <object>
    <name>good slot</name>
    <pose>Unspecified</pose>
    <truncated>0</truncated>
    <difficult>0</difficult>
    <bndbox>
      <xmin>122</xmin>
      <ymin>190</ymin>
      <xmax>148</xmax>
      <ymax>363</ymax>
    </bndbox>
  </object>
  <object>
    <name>defective slot</name>
    <pose>Unspecified</pose>
    <truncated>0</truncated>
    <difficult>0</difficult>
    <bndbox>
      <xmin>101</xmin>
      <ymin>180</ymin>
      <xmax>123</xmax>
      <ymax>369</ymax>
    </bndbox>
  </object>
  <object>
    <name>defective slot</name>
    <pose>Unspecified</pose>
    <truncated>0</truncated>
    <difficult>0</difficult>
    <bndbox>
      <xmin>72</xmin>
      <ymin>185</ymin>
      <xmax>92</xmax>
      <ymax>356</ymax>
    </bndbox>
  </object>
</annotation>
