<annotation>
  <folder>tabulators-2</folder>
  <filename>IMG_1259</filename>
  <path>C:\Users\samkelo\Documents\usb temp\tabulators-2\tabulators-2\IMG_1259.JPG</path>
  <source>
    <database>Unknown</database>
  </source>
  <size>
    <width>640</width>
    <height>480</height>
    <depth>3</depth>
  </size>
  <segmented>0</segmented>
  <object>
    <name>defective slot</name>
    <pose>Unspecified</pose>
    <truncated>0</truncated>
    <difficult>0</difficult>
    <bndbox>
      <xmin>446</xmin>
      <ymin>151</ymin>
      <xmax>464</xmax>
      <ymax>282</ymax>
    </bndbox>
  </object>
  <object>
    <name>good slot</name>
    <pose>Unspecified</pose>
    <truncated>0</truncated>
    <difficult>0</difficult>
    <bndbox>
      <xmin>425</xmin>
      <ymin>151</ymin>
      <xmax>443</xmax>
      <ymax>283</ymax>
    </bndbox>
  </object>
  <object>
    <name>good slot</name>
    <pose>Unspecified</pose>
    <truncated>0</truncated>
    <difficult>0</difficult>
    <bndbox>
      <xmin>407</xmin>
      <ymin>150</ymin>
      <xmax>423</xmax>
      <ymax>284</ymax>
    </bndbox>
  </object>
  <object>
    <name>good slot</name>
    <pose>Unspecified</pose>
    <truncated>0</truncated>
    <difficult>0</difficult>
    <bndbox>
      <xmin>390</xmin>
      <ymin>152</ymin>
      <xmax>409</xmax>
      <ymax>282</ymax>
    </bndbox>
  </object>
  <object>
    <name>good slot</name>
    <pose>Unspecified</pose>
    <truncated>0</truncated>
    <difficult>0</difficult>
    <bndbox>
      <xmin>372</xmin>
      <ymin>148</ymin>
      <xmax>391</xmax>
      <ymax>282</ymax>
    </bndbox>
  </object>
  <object>
    <name>good slot</name>
    <pose>Unspecified</pose>
    <truncated>0</truncated>
    <difficult>0</difficult>
    <bndbox>
      <xmin>353</xmin>
      <ymin>146</ymin>
      <xmax>375</xmax>
      <ymax>281</ymax>
    </bndbox>
  </object>
  <object>
    <name>good slot</name>
    <pose>Unspecified</pose>
    <truncated>0</truncated>
    <difficult>0</difficult>
    <bndbox>
      <xmin>336</xmin>
      <ymin>148</ymin>
      <xmax>356</xmax>
      <ymax>284</ymax>
    </bndbox>
  </object>
  <object>
    <name>good slot</name>
    <pose>Unspecified</pose>
    <truncated>0</truncated>
    <difficult>0</difficult>
    <bndbox>
      <xmin>320</xmin>
      <ymin>154</ymin>
      <xmax>339</xmax>
      <ymax>285</ymax>
    </bndbox>
  </object>
  <object>
    <name>good slot</name>
    <pose>Unspecified</pose>
    <truncated>0</truncated>
    <difficult>0</difficult>
    <bndbox>
      <xmin>302</xmin>
      <ymin>157</ymin>
      <xmax>322</xmax>
      <ymax>284</ymax>
    </bndbox>
  </object>
  <object>
    <name>good slot</name>
    <pose>Unspecified</pose>
    <truncated>0</truncated>
    <difficult>0</difficult>
    <bndbox>
      <xmin>284</xmin>
      <ymin>223</ymin>
      <xmax>303</xmax>
      <ymax>351</ymax>
    </bndbox>
  </object>
  <object>
    <name>good slot</name>
    <pose>Unspecified</pose>
    <truncated>0</truncated>
    <difficult>0</difficult>
    <bndbox>
      <xmin>269</xmin>
      <ymin>216</ymin>
      <xmax>285</xmax>
      <ymax>349</ymax>
    </bndbox>
  </object>
  <object>
    <name>defective slot</name>
    <pose>Unspecified</pose>
    <truncated>0</truncated>
    <difficult>0</difficult>
    <bndbox>
      <xmin>250</xmin>
      <ymin>220</ymin>
      <xmax>270</xmax>
      <ymax>349</ymax>
    </bndbox>
  </object>
  <object>
    <name>defective slot</name>
    <pose>Unspecified</pose>
    <truncated>0</truncated>
    <difficult>0</difficult>
    <bndbox>
      <xmin>234</xmin>
      <ymin>225</ymin>
      <xmax>250</xmax>
      <ymax>352</ymax>
    </bndbox>
  </object>
  <object>
    <name>good slot</name>
    <pose>Unspecified</pose>
    <truncated>0</truncated>
    <difficult>0</difficult>
    <bndbox>
      <xmin>218</xmin>
      <ymin>225</ymin>
      <xmax>237</xmax>
      <ymax>353</ymax>
    </bndbox>
  </object>
  <object>
    <name>defective slot</name>
    <pose>Unspecified</pose>
    <truncated>0</truncated>
    <difficult>0</difficult>
    <bndbox>
      <xmin>202</xmin>
      <ymin>222</ymin>
      <xmax>219</xmax>
      <ymax>352</ymax>
    </bndbox>
  </object>
  <object>
    <name>good slot</name>
    <pose>Unspecified</pose>
    <truncated>0</truncated>
    <difficult>0</difficult>
    <bndbox>
      <xmin>185</xmin>
      <ymin>220</ymin>
      <xmax>206</xmax>
      <ymax>351</ymax>
    </bndbox>
  </object>
  <object>
    <name>defective slot</name>
    <pose>Unspecified</pose>
    <truncated>0</truncated>
    <difficult>0</difficult>
    <bndbox>
      <xmin>169</xmin>
      <ymin>222</ymin>
      <xmax>188</xmax>
      <ymax>348</ymax>
    </bndbox>
  </object>
  <object>
    <name>good slot</name>
    <pose>Unspecified</pose>
    <truncated>0</truncated>
    <difficult>0</difficult>
    <bndbox>
      <xmin>153</xmin>
      <ymin>221</ymin>
      <xmax>171</xmax>
      <ymax>347</ymax>
    </bndbox>
  </object>
  <object>
    <name>defective slot</name>
    <pose>Unspecified</pose>
    <truncated>0</truncated>
    <difficult>0</difficult>
    <bndbox>
      <xmin>137</xmin>
      <ymin>178</ymin>
      <xmax>157</xmax>
      <ymax>307</ymax>
    </bndbox>
  </object>
  <object>
    <name>defective slot</name>
    <pose>Unspecified</pose>
    <truncated>0</truncated>
    <difficult>0</difficult>
    <bndbox>
      <xmin>121</xmin>
      <ymin>173</ymin>
      <xmax>140</xmax>
      <ymax>308</ymax>
    </bndbox>
  </object>
  <object>
    <name>good slot</name>
    <pose>Unspecified</pose>
    <truncated>0</truncated>
    <difficult>0</difficult>
    <bndbox>
      <xmin>103</xmin>
      <ymin>166</ymin>
      <xmax>122</xmax>
      <ymax>299</ymax>
    </bndbox>
  </object>
</annotation>
