<annotation>
  <folder>tabulators-2</folder>
  <filename>IMG_1290</filename>
  <path>C:\Users\samkelo\Documents\usb temp\tabulators-2\tabulators-2\IMG_1290.JPG</path>
  <source>
    <database>Unknown</database>
  </source>
  <size>
    <width>640</width>
    <height>480</height>
    <depth>3</depth>
  </size>
  <segmented>0</segmented>
  <object>
    <name>good slot</name>
    <pose>Unspecified</pose>
    <truncated>0</truncated>
    <difficult>0</difficult>
    <bndbox>
      <xmin>521</xmin>
      <ymin>184</ymin>
      <xmax>545</xmax>
      <ymax>365</ymax>
    </bndbox>
  </object>
  <object>
    <name>good slot</name>
    <pose>Unspecified</pose>
    <truncated>0</truncated>
    <difficult>0</difficult>
    <bndbox>
      <xmin>496</xmin>
      <ymin>190</ymin>
      <xmax>523</xmax>
      <ymax>360</ymax>
    </bndbox>
  </object>
  <object>
    <name>defective slot</name>
    <pose>Unspecified</pose>
    <truncated>0</truncated>
    <difficult>0</difficult>
    <bndbox>
      <xmin>474</xmin>
      <ymin>184</ymin>
      <xmax>497</xmax>
      <ymax>353</ymax>
    </bndbox>
  </object>
  <object>
    <name>good slot</name>
    <pose>Unspecified</pose>
    <truncated>0</truncated>
    <difficult>0</difficult>
    <bndbox>
      <xmin>450</xmin>
      <ymin>130</ymin>
      <xmax>473</xmax>
      <ymax>301</ymax>
    </bndbox>
  </object>
  <object>
    <name>defective slot</name>
    <pose>Unspecified</pose>
    <truncated>0</truncated>
    <difficult>0</difficult>
    <bndbox>
      <xmin>427</xmin>
      <ymin>133</ymin>
      <xmax>452</xmax>
      <ymax>302</ymax>
    </bndbox>
  </object>
  <object>
    <name>good slot</name>
    <pose>Unspecified</pose>
    <truncated>0</truncated>
    <difficult>0</difficult>
    <bndbox>
      <xmin>405</xmin>
      <ymin>127</ymin>
      <xmax>429</xmax>
      <ymax>296</ymax>
    </bndbox>
  </object>
  <object>
    <name>defective slot</name>
    <pose>Unspecified</pose>
    <truncated>0</truncated>
    <difficult>0</difficult>
    <bndbox>
      <xmin>384</xmin>
      <ymin>127</ymin>
      <xmax>405</xmax>
      <ymax>294</ymax>
    </bndbox>
  </object>
  <object>
    <name>good slot</name>
    <pose>Unspecified</pose>
    <truncated>0</truncated>
    <difficult>0</difficult>
    <bndbox>
      <xmin>361</xmin>
      <ymin>127</ymin>
      <xmax>386</xmax>
      <ymax>294</ymax>
    </bndbox>
  </object>
  <object>
    <name>empty</name>
    <pose>Unspecified</pose>
    <truncated>0</truncated>
    <difficult>0</difficult>
    <bndbox>
      <xmin>342</xmin>
      <ymin>127</ymin>
      <xmax>364</xmax>
      <ymax>295</ymax>
    </bndbox>
  </object>
  <object>
    <name>defective slot</name>
    <pose>Unspecified</pose>
    <truncated>0</truncated>
    <difficult>0</difficult>
    <bndbox>
      <xmin>318</xmin>
      <ymin>129</ymin>
      <xmax>343</xmax>
      <ymax>300</ymax>
    </bndbox>
  </object>
  <object>
    <name>good slot</name>
    <pose>Unspecified</pose>
    <truncated>0</truncated>
    <difficult>0</difficult>
    <bndbox>
      <xmin>297</xmin>
      <ymin>134</ymin>
      <xmax>322</xmax>
      <ymax>302</ymax>
    </bndbox>
  </object>
  <object>
    <name>good slot</name>
    <pose>Unspecified</pose>
    <truncated>0</truncated>
    <difficult>0</difficult>
    <bndbox>
      <xmin>274</xmin>
      <ymin>159</ymin>
      <xmax>300</xmax>
      <ymax>326</ymax>
    </bndbox>
  </object>
  <object>
    <name>good slot</name>
    <pose>Unspecified</pose>
    <truncated>0</truncated>
    <difficult>0</difficult>
    <bndbox>
      <xmin>251</xmin>
      <ymin>166</ymin>
      <xmax>273</xmax>
      <ymax>336</ymax>
    </bndbox>
  </object>
  <object>
    <name>good slot</name>
    <pose>Unspecified</pose>
    <truncated>0</truncated>
    <difficult>0</difficult>
    <bndbox>
      <xmin>232</xmin>
      <ymin>167</ymin>
      <xmax>251</xmax>
      <ymax>333</ymax>
    </bndbox>
  </object>
  <object>
    <name>good slot</name>
    <pose>Unspecified</pose>
    <truncated>0</truncated>
    <difficult>0</difficult>
    <bndbox>
      <xmin>209</xmin>
      <ymin>170</ymin>
      <xmax>232</xmax>
      <ymax>337</ymax>
    </bndbox>
  </object>
  <object>
    <name>good slot</name>
    <pose>Unspecified</pose>
    <truncated>0</truncated>
    <difficult>0</difficult>
    <bndbox>
      <xmin>187</xmin>
      <ymin>168</ymin>
      <xmax>206</xmax>
      <ymax>338</ymax>
    </bndbox>
  </object>
  <object>
    <name>good slot</name>
    <pose>Unspecified</pose>
    <truncated>0</truncated>
    <difficult>0</difficult>
    <bndbox>
      <xmin>164</xmin>
      <ymin>168</ymin>
      <xmax>187</xmax>
      <ymax>335</ymax>
    </bndbox>
  </object>
  <object>
    <name>good slot</name>
    <pose>Unspecified</pose>
    <truncated>0</truncated>
    <difficult>0</difficult>
    <bndbox>
      <xmin>141</xmin>
      <ymin>165</ymin>
      <xmax>167</xmax>
      <ymax>339</ymax>
    </bndbox>
  </object>
  <object>
    <name>good slot</name>
    <pose>Unspecified</pose>
    <truncated>0</truncated>
    <difficult>0</difficult>
    <bndbox>
      <xmin>123</xmin>
      <ymin>170</ymin>
      <xmax>144</xmax>
      <ymax>332</ymax>
    </bndbox>
  </object>
  <object>
    <name>good slot</name>
    <pose>Unspecified</pose>
    <truncated>0</truncated>
    <difficult>0</difficult>
    <bndbox>
      <xmin>104</xmin>
      <ymin>159</ymin>
      <xmax>123</xmax>
      <ymax>330</ymax>
    </bndbox>
  </object>
  <object>
    <name>empty</name>
    <pose>Unspecified</pose>
    <truncated>0</truncated>
    <difficult>0</difficult>
    <bndbox>
      <xmin>76</xmin>
      <ymin>162</ymin>
      <xmax>97</xmax>
      <ymax>327</ymax>
    </bndbox>
  </object>
</annotation>
