<annotation>
  <folder>tabulators-2</folder>
  <filename>IMG_1258</filename>
  <path>C:\Users\samkelo\Documents\usb temp\tabulators-2\tabulators-2\IMG_1258.JPG</path>
  <source>
    <database>Unknown</database>
  </source>
  <size>
    <width>640</width>
    <height>480</height>
    <depth>3</depth>
  </size>
  <segmented>0</segmented>
  <object>
    <name>defective slot</name>
    <pose>Unspecified</pose>
    <truncated>0</truncated>
    <difficult>0</difficult>
    <bndbox>
      <xmin>489</xmin>
      <ymin>127</ymin>
      <xmax>513</xmax>
      <ymax>287</ymax>
    </bndbox>
  </object>
  <object>
    <name>good slot</name>
    <pose>Unspecified</pose>
    <truncated>0</truncated>
    <difficult>0</difficult>
    <bndbox>
      <xmin>468</xmin>
      <ymin>133</ymin>
      <xmax>488</xmax>
      <ymax>288</ymax>
    </bndbox>
  </object>
  <object>
    <name>good slot</name>
    <pose>Unspecified</pose>
    <truncated>0</truncated>
    <difficult>0</difficult>
    <bndbox>
      <xmin>447</xmin>
      <ymin>127</ymin>
      <xmax>469</xmax>
      <ymax>289</ymax>
    </bndbox>
  </object>
  <object>
    <name>good slot</name>
    <pose>Unspecified</pose>
    <truncated>0</truncated>
    <difficult>0</difficult>
    <bndbox>
      <xmin>424</xmin>
      <ymin>131</ymin>
      <xmax>449</xmax>
      <ymax>285</ymax>
    </bndbox>
  </object>
  <object>
    <name>good slot</name>
    <pose>Unspecified</pose>
    <truncated>0</truncated>
    <difficult>0</difficult>
    <bndbox>
      <xmin>405</xmin>
      <ymin>127</ymin>
      <xmax>426</xmax>
      <ymax>286</ymax>
    </bndbox>
  </object>
  <object>
    <name>good slot</name>
    <pose>Unspecified</pose>
    <truncated>0</truncated>
    <difficult>0</difficult>
    <bndbox>
      <xmin>386</xmin>
      <ymin>127</ymin>
      <xmax>406</xmax>
      <ymax>282</ymax>
    </bndbox>
  </object>
  <object>
    <name>good slot</name>
    <pose>Unspecified</pose>
    <truncated>0</truncated>
    <difficult>0</difficult>
    <bndbox>
      <xmin>361</xmin>
      <ymin>131</ymin>
      <xmax>384</xmax>
      <ymax>289</ymax>
    </bndbox>
  </object>
  <object>
    <name>good slot</name>
    <pose>Unspecified</pose>
    <truncated>0</truncated>
    <difficult>0</difficult>
    <bndbox>
      <xmin>339</xmin>
      <ymin>134</ymin>
      <xmax>365</xmax>
      <ymax>292</ymax>
    </bndbox>
  </object>
  <object>
    <name>good slot</name>
    <pose>Unspecified</pose>
    <truncated>0</truncated>
    <difficult>0</difficult>
    <bndbox>
      <xmin>322</xmin>
      <ymin>139</ymin>
      <xmax>345</xmax>
      <ymax>291</ymax>
    </bndbox>
  </object>
  <object>
    <name>defective slot</name>
    <pose>Unspecified</pose>
    <truncated>0</truncated>
    <difficult>0</difficult>
    <bndbox>
      <xmin>301</xmin>
      <ymin>215</ymin>
      <xmax>323</xmax>
      <ymax>366</ymax>
    </bndbox>
  </object>
  <object>
    <name>good slot</name>
    <pose>Unspecified</pose>
    <truncated>0</truncated>
    <difficult>0</difficult>
    <bndbox>
      <xmin>283</xmin>
      <ymin>215</ymin>
      <xmax>303</xmax>
      <ymax>365</ymax>
    </bndbox>
  </object>
  <object>
    <name>defective slot</name>
    <pose>Unspecified</pose>
    <truncated>0</truncated>
    <difficult>0</difficult>
    <bndbox>
      <xmin>263</xmin>
      <ymin>215</ymin>
      <xmax>283</xmax>
      <ymax>364</ymax>
    </bndbox>
  </object>
  <object>
    <name>defective slot</name>
    <pose>Unspecified</pose>
    <truncated>0</truncated>
    <difficult>0</difficult>
    <bndbox>
      <xmin>238</xmin>
      <ymin>198</ymin>
      <xmax>263</xmax>
      <ymax>350</ymax>
    </bndbox>
  </object>
  <object>
    <name>good slot</name>
    <pose>Unspecified</pose>
    <truncated>0</truncated>
    <difficult>0</difficult>
    <bndbox>
      <xmin>223</xmin>
      <ymin>198</ymin>
      <xmax>241</xmax>
      <ymax>352</ymax>
    </bndbox>
  </object>
  <object>
    <name>defective slot</name>
    <pose>Unspecified</pose>
    <truncated>0</truncated>
    <difficult>0</difficult>
    <bndbox>
      <xmin>203</xmin>
      <ymin>196</ymin>
      <xmax>225</xmax>
      <ymax>352</ymax>
    </bndbox>
  </object>
  <object>
    <name>good slot</name>
    <pose>Unspecified</pose>
    <truncated>0</truncated>
    <difficult>0</difficult>
    <bndbox>
      <xmin>182</xmin>
      <ymin>198</ymin>
      <xmax>206</xmax>
      <ymax>349</ymax>
    </bndbox>
  </object>
  <object>
    <name>defective slot</name>
    <pose>Unspecified</pose>
    <truncated>0</truncated>
    <difficult>0</difficult>
    <bndbox>
      <xmin>163</xmin>
      <ymin>199</ymin>
      <xmax>185</xmax>
      <ymax>350</ymax>
    </bndbox>
  </object>
  <object>
    <name>good slot</name>
    <pose>Unspecified</pose>
    <truncated>0</truncated>
    <difficult>0</difficult>
    <bndbox>
      <xmin>144</xmin>
      <ymin>201</ymin>
      <xmax>166</xmax>
      <ymax>352</ymax>
    </bndbox>
  </object>
  <object>
    <name>defective slot</name>
    <pose>Unspecified</pose>
    <truncated>0</truncated>
    <difficult>0</difficult>
    <bndbox>
      <xmin>125</xmin>
      <ymin>192</ymin>
      <xmax>146</xmax>
      <ymax>345</ymax>
    </bndbox>
  </object>
  <object>
    <name>defective slot</name>
    <pose>Unspecified</pose>
    <truncated>0</truncated>
    <difficult>0</difficult>
    <bndbox>
      <xmin>107</xmin>
      <ymin>193</ymin>
      <xmax>126</xmax>
      <ymax>343</ymax>
    </bndbox>
  </object>
  <object>
    <name>good slot</name>
    <pose>Unspecified</pose>
    <truncated>0</truncated>
    <difficult>0</difficult>
    <bndbox>
      <xmin>88</xmin>
      <ymin>185</ymin>
      <xmax>107</xmax>
      <ymax>338</ymax>
    </bndbox>
  </object>
</annotation>
